<?xml version="1.0" encoding="UTF-8"?>
<project-private xmlns="http://www.netbeans.org/ns/project-private/1">
    <editor-bookmarks xmlns="http://www.netbeans.org/ns/editor-bookmarks/2" lastBookmarkId="0"/>
    <open-files xmlns="http://www.netbeans.org/ns/projectui-open-files/2">
        <group>
            <file>file:/C:/Users/haika/NetBeansProjects/IndividualAssignment/web/profile_display.jsp</file>
            <file>file:/C:/Users/haika/NetBeansProjects/IndividualAssignment/web/index.html</file>
            <file>file:/C:/Users/haika/NetBeansProjects/IndividualAssignment/src/java/dao/ProfileDAO.java</file>
            <file>file:/C:/Users/haika/NetBeansProjects/IndividualAssignment/src/java/bean/ProfileBean.java</file>
            <file>jar:file:/C:/Users/haika/NetBeansProjects/IndividualAssignment/dist/IndividualAssignment.war!/index.html</file>
            <file>file:/C:/Users/haika/NetBeansProjects/IndividualAssignment/src/java/util/DBConnection.java</file>
            <file>file:/C:/Users/haika/NetBeansProjects/IndividualAssignment/src/java/servlet/ProfileServlet.java</file>
            <file>file:/C:/Users/haika/NetBeansProjects/IndividualAssignment/web/viewProfiles.jsp</file>
            <file>file:/C:/Users/haika/NetBeansProjects/IndividualAssignment/web/profile.jsp</file>
            <file>file:/C:/Users/haika/NetBeansProjects/IndividualAssignment/web/WEB-INF/web.xml</file>
        </group>
    </open-files>
</project-private>
